REF_ID,Exact_title,Authors,Journal,Year,DOI,URL,Claim_supported,Verified,Publisher_link,Notes
REF01,Biomolecular coronas provide the biological identity of nanosized materials,Marco P. Monopoli; Christoffer Åberg; Anna Salvati; Kenneth A. Dawson,Nature Nanotechnology,2012,10.1038/nnano.2012.207,https://doi.org/10.1038/nnano.2012.207,Biological identity of nanosized materials,YES,https://doi.org/10.1038/nnano.2012.207,Crossref metadata checked
REF02,Understanding the nanoparticle–protein corona using methods to quantify exchange rates and affinities of proteins for nanoparticles,Tommy Cedervall; Iseult Lynch; Stina Lindman; Tord Berggård; Eva Thulin; Hanna Nilsson; Kenneth A. Dawson; Sara Linse,Proceedings of the National Academy of Sciences,2007,10.1073/pnas.0608582104,https://doi.org/10.1073/pnas.0608582104,Protein-corona exchange and affinity quantification,YES,https://doi.org/10.1073/pnas.0608582104,Crossref metadata checked
REF03,Rapid formation of plasma protein corona critically affects nanoparticle pathophysiology,Stefan Tenzer; Dominic Docter; Jörg Kuharev; Anna Musyanovych; Verena Fetz; Rouven Hecht; Florian Schlenk; Dagmar Fischer; Klytaimnistra Kiouptsi; Christoph Reinhardt; Katharina Landfester; Hansjörg Schild; Michael Maskos; Shirley K. Knauer; Roland H. Stauber,Nature Nanotechnology,2013,10.1038/nnano.2013.181,https://doi.org/10.1038/nnano.2013.181,Plasma-corona formation and context dependence,YES,https://doi.org/10.1038/nnano.2013.181,Crossref metadata checked
REF04,Minimum information reporting in bio–nano experimental literature,Matthew Faria; Mattias Björnmalm; Kristofer J. Thurecht; Stephen J. Kent; Robert G. Parton; Maria Kavallaris; Angus P. R. Johnston; J. Justin Gooding; Simon R. Corrie; Ben J. Boyd; Pall Thordarson; Andrew K. Whittaker; Molly M. Stevens; Clive A. Prestidge; Christopher J. H. Porter; Wolfgang J. Parak; Thomas P. Davis; Edmund J. Crampin; Frank Caruso,Nature Nanotechnology,2018,10.1038/s41565-018-0246-4,https://doi.org/10.1038/s41565-018-0246-4,Minimum information reporting for bio-nano experiments,YES,https://doi.org/10.1038/s41565-018-0246-4,Crossref metadata checked
REF05,Meta-Analysis and Machine Learning Prediction of Protein Corona Composition across Nanoparticle Systems in Biological Media,Alexa Canchola; Keyuan Li; Kunpeng Chen; Alejandro Borboa-Pimentel; Catherine Chou; Roberto Dela Rama; Chi-Yun Chen; Xinyue Chen; Michael Strobel; Jim E. Riviere; Nancy A. Monteiro-Riviere; Mingxun Wang; Fan Zhang; Zhoumeng Lin; Wei-Chun Chou,ACS Nano,2025,10.1021/acsnano.5c08608,https://doi.org/10.1021/acsnano.5c08608,PC-DB source and prior protein-corona meta-analysis,YES,https://doi.org/10.1021/acsnano.5c08608,Crossref metadata checked
REF06,Determinants of protein corona adsorption and abundance revealed by interpretable machine learning across nanoparticle systems,Keyuan Li; Alexa Canchola; Fan Zhang; Wei-Chun Chou,Scientific Reports,2026,10.1038/s41598-026-55258-6,https://doi.org/10.1038/s41598-026-55258-6,Recent PC-DB-related interpretable protein-corona modelling,YES,https://doi.org/10.1038/s41598-026-55258-6,Crossref metadata checked
REF07,Machine learning provides predictive analysis into silver nanoparticle protein corona formation from physicochemical properties,Matthew R. Findlay; Daniel N. Freitas; Maryam Mobed-Miremadi; Korin E. Wheeler,Environmental Science: Nano,2018,10.1039/C7EN00466D,https://doi.org/10.1039/c7en00466d,Prior protein-corona random-forest prediction,YES,https://doi.org/10.1039/c7en00466d,Crossref metadata checked
REF08,Supervised learning model predicts protein adsorption to carbon nanotubes,Nicholas Ouassil; Rebecca L. Pinals; Jackson Travis Del Bonis-O’Donnell; Jeffrey W. Wang; Markita P. Landry,Science Advances,2022,10.1126/sciadv.abm0898,https://doi.org/10.1126/sciadv.abm0898,Prior supervised protein-adsorption prediction,YES,https://doi.org/10.1126/sciadv.abm0898,Crossref metadata checked
REF09,Machine Learning Enables Comprehensive Prediction of the Relative Protein Abundance of Multiple Proteins on the Protein Corona,Xiuhao Fu; Chao Yang; Yunyun Su; Chunling Liu; Haoye Qiu; Yanyan Yu; Gaoxing Su; Qingchen Zhang; Leyi Wei; Feifei Cui; Quan Zou; Zilong Zhang,Research,2024,10.34133/research.0487,https://doi.org/10.34133/research.0487,Protein-corona relative-abundance prediction,YES,https://doi.org/10.34133/research.0487,Crossref metadata checked
REF10,"Predicting the protein corona on nanoparticles using random forest models with nanoparticle, protein, and experimental features",Nicole Vijgen; Karsten M. Poulsen; Gustavo Sosa Macias; Christine K. Payne,Nanoscale Advances,2025,10.1039/d5na00425j,https://doi.org/10.1039/d5na00425j,Recent protein-corona random-forest prediction,YES,https://doi.org/10.1039/d5na00425j,Crossref metadata checked
REF11,Curriculum-guided multimodal representation learning enables generalizable prediction of nanomaterial-protein interactions,Hengjie Yu; Kenneth A. Dawson; Haiyun Yang; Shuya Liu; Yan Yan; Yaochu Jin,arXiv preprint,2026,10.48550/arXiv.2507.14245,https://arxiv.org/abs/2507.14245v2,Near-topic preprint: multimodal generalizable nano-protein prediction,YES,https://arxiv.org/abs/2507.14245v2,Official arXiv record checked; DataCite DOI retained
REF12,A uniform data processing pipeline enables harmonized nanoparticle protein corona analysis across proteomics core facilities,Hassan Gharibi; Ali Akbar Ashkarran; Maryam Jafari; Elizabeth Voke; Markita P. Landry; Amir Ata Saei; Morteza Mahmoudi,Nature Communications,2024,10.1038/s41467-023-44678-x,https://doi.org/10.1038/s41467-023-44678-x,Harmonized protein-corona processing across core facilities,YES,https://doi.org/10.1038/s41467-023-44678-x,Crossref metadata checked
REF13,Standardizing Protein Corona Characterization in Nanomedicine: A Multicenter Study to Enhance Reproducibility and Data Homogeneity,Ali Akbar Ashkarran; Hassan Gharibi; Seyed Majed Modaresi; Amir Ata Saei; Morteza Mahmoudi,Nano Letters,2024,10.1021/acs.nanolett.4c02076,https://doi.org/10.1021/acs.nanolett.4c02076,Multicenter protein-corona characterization and data homogeneity,YES,https://doi.org/10.1021/acs.nanolett.4c02076,Crossref metadata checked
REF14,PROTCROWN: A Manually Curated Resource of Protein Corona Data for Unlocking the Potential of Protein–Nanoparticle Interactions,Yunyun Su; Xiuhao Fu; Leyi Wei; Zilong Zhang; Quan Zou; Feifei Cui,Nano Letters,2025,10.1021/acs.nanolett.4c05955,https://doi.org/10.1021/acs.nanolett.4c05955,PROTCROWN resource,YES,https://doi.org/10.1021/acs.nanolett.4c05955,Crossref metadata checked
REF15,"Cross‐validation strategies for data with temporal, spatial, hierarchical, or phylogenetic structure",David R. Roberts; Volker Bahn; Simone Ciuti; Mark S. Boyce; Jane Elith; Gurutzeta Guillera‐Arroita; Severin Hauenstein; José J. Lahoz‐Monfort; Boris Schröder; Wilfried Thuiller; David I. Warton; Brendan A. Wintle; Florian Hartig; Carsten F. Dormann,Ecography,2017,10.1111/ecog.02881,https://doi.org/10.1111/ecog.02881,Cross-validation for structured data,YES,https://doi.org/10.1111/ecog.02881,Crossref metadata checked
REF16,Leakage and the reproducibility crisis in machine-learning-based science,Sayash Kapoor; Arvind Narayanan,Patterns,2023,10.1016/j.patter.2023.100804,https://doi.org/10.1016/j.patter.2023.100804,Data leakage and reproducibility in machine-learning science,YES,https://doi.org/10.1016/j.patter.2023.100804,Crossref metadata checked
REF17,eNanoMapper: harnessing ontologies to enable data integration for nanomaterial risk assessment,Janna Hastings; Nina Jeliazkova; Gareth Owen; Georgia Tsiliki; Cristian R Munteanu; Christoph Steinbeck; Egon Willighagen,Journal of Biomedical Semantics,2015,10.1186/s13326-015-0005-5,https://doi.org/10.1186/s13326-015-0005-5,Ontology-supported nanomaterial data integration,YES,https://doi.org/10.1186/s13326-015-0005-5,Crossref metadata checked
REF18,The FAIR Guiding Principles for scientific data management and stewardship,Mark D. Wilkinson; Michel Dumontier; IJsbrand Jan Aalbersberg; Gabrielle Appleton; Myles Axton; Arie Baak; Niklas Blomberg; Jan-Willem Boiten; Luiz Bonino da Silva Santos; Philip E. Bourne; Jildau Bouwman; Anthony J. Brookes; Tim Clark; Mercè Crosas; Ingrid Dillo; Olivier Dumon; Scott Edmunds; Chris T. Evelo; Richard Finkers; Alejandra Gonzalez-Beltran; Alasdair J.G. Gray; Paul Groth; Carole Goble; Jeffrey S. Grethe; Jaap Heringa; Peter A.C ’t Hoen; Rob Hooft; Tobias Kuhn; Ruben Kok; Joost Kok; Scott J. Lusher; Maryann E. Martone; Albert Mons; Abel L. Packer; Bengt Persson; Philippe Rocca-Serra; Marco Roos; Rene van Schaik; Susanna-Assunta Sansone; Erik Schultes; Thierry Sengstag; Ted Slater; George Strawn; Morris A. Swertz; Mark Thompson; Johan van der Lei; Erik van Mulligen; Jan Velterop; Andra Waagmeester; Peter Wittenburg; Katherine Wolstencroft; Jun Zhao; Barend Mons,Scientific Data,2016,10.1038/sdata.2016.18,https://doi.org/10.1038/sdata.2016.18,FAIR data principles,YES,https://doi.org/10.1038/sdata.2016.18,Crossref metadata checked
REF19,Measurements of heterogeneity in proteomics analysis of the nanoparticle protein corona across core facilities,Ali Akbar Ashkarran; Hassan Gharibi; Elizabeth Voke; Markita P. Landry; Amir Ata Saei; Morteza Mahmoudi,Nature Communications,2022,10.1038/s41467-022-34438-8,https://doi.org/10.1038/s41467-022-34438-8,Interlaboratory heterogeneity in protein-corona proteomics,YES,https://doi.org/10.1038/s41467-022-34438-8,Crossref metadata checked 2026-09-06; publisher record inspected
